,HR_baseline,nr_stations_baseline,HR_reporting_30,nr_stations_reporting_30,HR_KDE_baseline_mean,HR_KDE_baseline_std,HR_KDE_baseline_std_normalized,HR_KDE_reporting_30_mean,HR_KDE_reporting_30_std,HR_KDE_reporting_30_std_normalized,HR_NN_baseline_mean,HR_NN_baseline_std,HR_NN_reporting_30_mean,HR_NN_reporting_30_std,surface_area_km2_wb,eez_area_km2,int_water_km2,surface_area_total_km2,TERR_NAME,STATUS
AFG,233.248794209102,12.0,,,53.952,42.01875409861649,0.26098605030196576,53.952,42.01875409861649,0.26098605030196576,104089.5652893569,63591.915757369745,,,652860.0,,,652860.0,Afghanistan,WMO Member
AGO,303.1239107413961,19.0,,,19.947345705653863,19.46542341566219,0.21871262264788977,19.947345705653863,19.46542341566219,0.21871262264788977,166726.91081616262,81557.0237559888,,,1246700.0,497800.0,1298.0,1745798.0,Angola,WMO Member
AIA,,,,,135.86507936507937,159.4525034110199,0.4936610012725075,135.86507936507937,159.4525034110199,0.4936610012725075,,,,,,90426.0,,90426.0,Anguilla,WMO Member
ALB,60.4859112070361,11.0,63.438158863573584,10.0,300.97058823529414,31.686409495441463,0.09810033899517481,300.97058823529414,31.686409495441463,0.09810033899517481,40275.76015919183,35391.938129081194,38502.98050685945,36787.966931831135,27400.0,12150.0,694.0,40244.0,Albania,WMO Member
AND,,,,,0.0,0.0,0.0,0.0,0.0,0.0,,,,,470.0,,,470.0,Andorra,WMO Member
ARE,137.08235272481804,7.0,148.06586372287165,6.0,178.55232558139534,114.02943645529693,0.3530323110071113,178.55232558139534,114.02943645529693,0.3530323110071113,43293.45977036096,19033.128249848156,51060.58517213574,27498.10127900167,71020.0,51782.0,8739.0,131541.0,United Arab Emirates,WMO Member
ARG,217.53869854776104,82.0,232.15455220846115,72.0,7.555829354689666,7.514214794198018,0.15987691051485145,7.555829354689666,7.514214794198018,0.15987691051485145,81619.91993062911,41938.13739554415,89208.48223501624,51182.80297615695,2736690.0,1069356.0,74447.0,3880493.0,Argentina,WMO Member
ARM,42.1826386087926,16.0,97.41663102366044,3.0,287.3137254901961,51.50080532249783,0.15944521771671155,287.3137254901961,51.50080532249783,0.15944521771671155,24004.103977859824,13127.814087957091,81144.3852109022,11081.015354713792,28470.0,,,28470.0,Armenia,WMO Member
ATA,,,,,0.0,0.0,0.0,0.0,0.0,0.0,,,,,,9550534.0,,9550534.0,Antarctica,not WMO Member
ATG,335.19248201593064,1.0,335.19248201593064,1.0,121.125,156.37170260312445,0.4841229182759271,121.125,156.37170260312445,0.4841229182759271,,,,,440.0,111914.0,,112354.0,Antigua and Barbuda,WMO Member
AUS,153.5685379228228,649.0,202.29669929451282,374.0,2.2928890876565293,4.357497545073227,0.15562491232404382,2.2928890876565293,4.357497545073227,0.15562491232404382,49161.199954432006,97999.79721323134,72430.78810683865,126093.96496310439,7692020.0,7355012.0,258527.0,15305559.0,Australia,WMO Member
AUT,22.43187492121301,164.0,24.107008805937376,142.0,196.179012345679,48.39586049038477,0.18125790445836992,196.179012345679,48.39586049038477,0.18125790445836992,15363.962364410881,9455.533630106345,17085.761557577593,9753.062855653481,82522.998046875,,,82522.998046875,Austria,WMO Member
AZE,88.15408587889081,21.0,164.92119330152812,6.0,150.33574007220216,68.07788532217829,0.24665900479050104,150.33574007220216,68.07788532217829,0.24665900479050104,43517.65021989485,27159.17105647232,90047.88685813542,22646.07900335036,82670.0,80524.0,,163194.0,Azerbaijan,WMO Member
BDI,113.31372379372235,2.0,,,323.0,0.0,0.0,323.0,0.0,0.0,122285.00755032903,0.0,,,25680.0,,,25680.0,Burundi,WMO Member
BEL,34.72442532693254,28.0,35.36162389433557,27.0,286.5147058823529,33.20811942133626,0.10643628019659056,286.5147058823529,33.20811942133626,0.10643628019659056,24002.67804372052,9424.027461773976,24067.270087111956,9597.230761171848,30280.0,3482.0,,33762.0,Belgium,WMO Member
BEN,157.27258714304497,6.0,157.27258714304497,6.0,120.38219895287958,61.27652110836306,0.2850070749226189,120.38219895287958,61.27652110836306,0.2850070749226189,136154.94985599743,42252.35112622621,136154.94985599743,42252.35112622621,112760.0,35648.0,0.0,148408.0,Benin,WMO Member
BFA,165.40858502508266,10.0,174.35595774162695,9.0,104.58310626702998,44.21853136063776,0.19565721840990158,104.58310626702998,44.21853136063776,0.19565721840990158,130835.50000038664,23692.76979817442,153176.32208500002,39334.594232031406,273600.0,,,273600.0,Burkina Faso,WMO Member
BGD,79.08479475793538,42.0,80.0434333316119,41.0,100.95441595441595,69.76466894643663,0.31006519531749616,100.95441595441595,69.76466894643663,0.31006519531749616,5815.443346868229,5569.866268611605,5515.492806954142,5284.484171154145,130170.0,112485.0,20030.0,262685.0,Bangladesh,WMO Member
BGR,109.6144759296569,12.0,120.0766421915603,10.0,154.41860465116278,74.29228863072524,0.2721329253872719,154.41860465116278,74.29228863072524,0.2721329253872719,79182.1092943856,40995.887415410194,96213.55027774123,47305.823044629746,108560.0,34685.0,939.0,144184.0,Bulgaria,WMO Member
BHR,91.14823108825304,1.0,91.14823108825304,1.0,323.0,0.0,0.0,323.0,0.0,0.0,,,,,778.000030517578,7530.0,,8308.000030517578,Bahrain,WMO Member
BHS,324.02366168743504,6.0,793.6926357224187,1.0,52.094609460946096,85.59260750433377,0.26499259289267424,52.094609460946096,85.59260750433377,0.26499259289267424,28535.83597772424,56558.44949526586,,,10010.0,619938.0,,629948.0,Bahamas,WMO Member
BIH,60.481992597561046,14.0,71.5632587296023,10.0,290.9247311827957,36.42793343857372,0.11277997968598673,290.9247311827957,36.42793343857372,0.11277997968598673,45383.32836512849,17090.11982084947,45280.95534014437,17522.180346562436,51200.0,13.0,,51213.0,Bosnia and Herzegovina,WMO Member
BLR,80.91971485377424,31.0,88.35853705053938,26.0,130.38444444444445,49.177106035478445,0.21474718792785352,130.38444444444445,49.177106035478445,0.21474718792785352,78543.82196460587,29306.32450623928,83676.12722356906,30472.80448106913,202988.0078125,,,202988.0078125,Belarus,WMO Member
BLZ,263.0304164920856,1.0,263.0304164920856,1.0,318.63513513513516,37.293421753210296,0.11545951007185856,318.63513513513516,37.293421753210296,0.11545951007185856,,,,,22810.0,34426.0,11949.0,69185.0,Belize,WMO Member
BMU,,,,,0.0,0.0,0.0,0.0,0.0,0.0,,,,,54.000000953674295,453453.0,,453507.0000009537,Bermuda,not WMO Member
BOL,171.10925859923063,37.0,465.46750692180433,5.0,29.960597826086957,17.723451415494292,0.2215431426936786,29.960597826086957,17.723451415494292,0.2215431426936786,64307.651824605666,43061.22105936398,207473.67137001693,53664.05303167028,1083300.0,,,1083300.0,"Bolivia, Plurinational State of",WMO Member
BRA,124.43444543289083,785.0,160.64417828538058,471.0,2.870166594946825,3.3415976388756627,0.19656456699268604,2.870166594946825,3.3415976388756627,0.19656456699268604,31249.014322714036,32131.36674529683,56527.752895739606,34441.91111339901,8358140.0,3690321.0,106425.0,12154886.0,Brazil,WMO Member
BRB,305.0688446891947,2.0,305.0688446891947,2.0,143.70204081632653,160.5163002591833,0.49695448996651187,143.70204081632653,160.5163002591833,0.49695448996651187,0.0,0.0,0.0,0.0,430.0,185704.0,,186134.0,Barbados,WMO Member
BRN,220.45634488487738,1.0,220.45634488487738,1.0,171.0,161.22034611053283,0.4991341984846218,171.0,161.22034611053283,0.4991341984846218,,,,,5270.0,43331.0,,48601.0,Brunei Darussalam,WMO Member
BTN,,,,,0.0,0.0,0.0,0.0,0.0,0.0,,,,,38143.9990234375,,,38143.9990234375,Bhutan,WMO Member
BWA,177.44013074837386,18.0,,,46.11302211302211,22.390591268506498,0.20925786232249063,46.11302211302211,22.390591268506498,0.20925786232249063,135063.63840773946,55633.39367237304,,,566730.0,,,566730.0,Botswana,WMO Member
CAF,218.90988662355676,13.0,,,46.20398009950249,25.502817795335705,0.20566788544625572,46.20398009950249,25.502817795335705,0.20566788544625572,192228.0448342006,74623.57194860553,,,622980.0,,,622980.0,Central African Republic,WMO Member
CAN,145.93682089025535,817.0,172.7593781663542,583.0,1.3393040669505212,3.366379357061145,0.09351053769614291,1.3393040669505212,3.366379357061145,0.09351053769614291,30254.795222220844,44965.07124226213,34506.45555928278,48771.02272007471,9093510.0,5708318.0,2598275.0,17400103.0,Canada,WMO Member
CHE,15.864875471810894,157.0,17.434713599060068,130.0,292.8,30.74508090735817,0.09518600900110889,292.8,30.74508090735817,0.09518600900110889,12306.53429226376,5947.279259571706,13586.853112026669,6306.79708804636,39516.0009765625,,,39516.0009765625,Switzerland,WMO Member
CHL,270.34428561021366,62.0,317.32682175567123,45.0,6.76172143544617,10.38125196240017,0.22087770132766318,6.76172143544617,10.38125196240017,0.22087770132766318,96546.59839480818,468368.82474718784,131465.67874163497,593929.0963458364,743532.03125,3668537.0,119265.0,4531334.03125,Chile,WMO Member
CHN,166.28445032850377,380.0,167.16660214391038,376.0,3.0631591562799616,2.1827934266469846,0.21827934266469848,3.0631591562799616,2.1827934266469846,0.21827934266469848,57985.93878962258,27796.896886987583,58236.91287498551,27950.284515550975,9388210.0,965049.0,153938.0,10507197.0,China,WMO Member
CIV,187.18249307637112,14.0,187.18249307637112,14.0,59.9010989010989,46.94980066147155,0.25516196011669323,59.9010989010989,46.94980066147155,0.25516196011669323,169427.14115794422,229410.93730036615,169427.14115794425,229410.93730036617,318000.0,172522.0,,490522.0,Cote d'Ivoire,WMO Member
CMR,186.93830150995962,14.0,403.832886228945,3.0,64.66244057052297,36.1703817123835,0.22466075597753726,64.66244057052297,36.1703817123835,0.22466075597753726,129393.56563165323,31441.525989940103,330623.5974147035,199518.8767186304,472710.0,15210.0,1323.0,489243.0,Cameroon,WMO Member
COD,280.44176972572495,29.0,,,13.269394435351883,9.32615575352566,0.17596520289671055,13.269394435351883,9.32615575352566,0.17596520289671055,177821.911743403,80429.74344083256,,,2267050.0,13431.0,299.0,2280780.0,Democratic Republic of the Congo,WMO Member
COG,163.76245863183314,14.0,274.0270059683899,5.0,64.51219512195122,34.78350367202483,0.25205437443496254,64.51219512195122,34.78350367202483,0.25205437443496254,135696.17254589012,58963.31257713254,190962.08086594337,76597.90928558717,341500.0,33954.0,,375454.0,Congo,WMO Member
COK,573.9423606367919,6.0,811.6770704329812,3.0,20.60872836719338,49.904299224382505,0.23211301964829073,20.60872836719338,49.904299224382505,0.23211301964829073,250433.89657602707,400364.7073568035,1473.6848461210764,1548.8282503835953,,1976459.0,,1976459.0,Cook Islands,WMO Member
COL,254.5278929230784,29.0,612.9843391147933,5.0,17.222495894909688,23.22759357165771,0.20925759974466404,17.222495894909688,23.22759357165771,0.20925759974466404,70898.04818447382,97950.38011157594,222331.01208495154,186891.63598710136,1109500.0,730946.0,38303.0,1878749.0,Colombia,WMO Member
COM,288.9524182811377,2.0,408.6404288136884,1.0,190.22935779816513,129.46921514487443,0.4008334834206638,190.22935779816513,129.46921514487443,0.4008334834206638,137901.5564038111,0.0,,,1861.0000610351601,165126.0,,166987.00006103516,Comoros,WMO Member
CPV,449.6454158556495,4.0,899.290831711299,1.0,49.84466911764706,78.43753807756798,0.2428406751627492,49.84466911764706,78.43753807756798,0.2428406751627492,40860.45227817971,25371.751498395697,,,4030.0,804694.0,,808724.0,Republic of Cabo Verde,WMO Member
CRI,402.55061793518587,4.0,569.2925434256099,2.0,45.857142857142854,92.69252683633155,0.2869737672951442,45.857142857142854,92.69252683633155,0.2869737672951442,71387.21855179941,76737.88024589799,150236.72037304545,0.0,51060.0,584221.0,12907.0,648188.0,Costa Rica,WMO Member
CUB,255.87203833166294,8.0,511.74407666332587,2.0,62.04320987654321,44.96539805000572,0.3258362177536646,62.04320987654321,44.96539805000572,0.3258362177536646,83654.98174104137,117248.23746943621,225377.46194354387,0.0,104020.0,353196.0,66548.0,523764.0,Cuba,WMO Member
CUW,,,,,0.0,0.0,0.0,0.0,0.0,0.0,,,,,444.0,25497.0,,25941.0,Curacao and Sint Maarten,WMO Member
CYM,344.80574241157876,1.0,,,240.98101265822785,83.0005697341272,0.2569677081551926,240.98101265822785,83.0005697341272,0.2569677081551926,,,,,240.0,118651.0,,118891.0,Cayman Islands,WMO Member
CYP,87.95900018921154,14.0,99.2311351432512,11.0,256.5059523809524,94.79457721479149,0.2934816632036888,256.5059523809524,94.79457721479149,0.2934816632036888,19300.41235674135,17774.554940341037,26218.135993063202,24129.926422067794,9240.0,98468.0,607.0,108315.0,Cyprus,WMO Member
CZE,43.39832524587028,41.0,44.49719092257398,39.0,230.15483870967742,49.31271404931459,0.16492546504787492,230.15483870967742,49.31271404931459,0.16492546504787492,34551.29701694231,16776.4745733872,36788.73068321476,16023.824456929624,77220.0,,,77220.0,Czech Republic,WMO Member
DEU,44.8466102019087,206.0,45.51433840011299,200.0,69.490675990676,23.291965295538812,0.21973552165602656,69.490675990676,23.291965295538812,0.21973552165602656,33164.882553332,15690.958461810771,34180.1751861088,15320.836515790585,349360.0,56512.0,8439.0,414311.0,Germany,WMO Member
DJI,178.90500272490985,1.0,,,323.0,0.0,0.0,323.0,0.0,0.0,,,,,23180.0,7252.0,1575.0,32007.0,Djibouti,WMO Member
DMA,121.24974226776732,2.0,,,244.30769230769232,136.22175620621442,0.4217391833009736,244.30769230769232,136.22175620621442,0.4217391833009736,14128.30089362373,0.0,,,750.0,28653.0,,29403.0,Dominica,WMO Member
DNK,225.4929415007633,60.0,242.2182740994005,52.0,5.244049798608568,19.126966368942636,0.10338900739968991,5.244049798608568,19.126966368942636,0.10338900739968991,126978.83283755639,317911.1591633055,177765.62143505586,411012.73311401525,452440.0,2356826.0,241558.0,3050824.0,Denmark,WMO Member
DOM,158.12692686573024,16.0,282.86604603592843,5.0,84.32116788321167,99.92091283607107,0.3093526713191055,84.32116788321167,99.92091283607107,0.3093526713191055,24029.02894713322,26257.57361378832,41752.1622892917,71683.49733243069,48310.0,351756.0,,400066.0,Dominican Republic,WMO Member
DZA,159.47122219093546,99.0,268.20439966562816,35.0,14.383195592286501,18.000627284226944,0.21177208569678757,14.383195592286501,18.000627284226944,0.21177208569678757,76201.7725649516,92596.11354550222,153394.93662973016,151711.25679738907,2381740.0,131138.0,4798.0,2517676.0,Algeria,WMO Member
ECU,202.80474527456786,34.0,,,25.87681580476467,48.77360502101964,0.22373213312394333,25.87681580476467,48.77360502101964,0.22373213312394333,19187.94947282918,27754.213652773626,,,248360.0,1082544.0,67508.0,1398412.0,Ecuador,WMO Member
EGY,195.6361805789388,33.0,280.9610738162851,16.0,27.966483516483517,27.299749983705073,0.2116259688659308,27.966483516483517,27.299749983705073,0.2116259688659308,102748.19575821282,73299.09840110129,141446.47114675347,60071.45801202852,995450.0,243594.0,23982.0,1263026.0,Egypt,WMO Member
ERI,245.75733288483312,3.0,,,97.3076923076923,78.72579932455396,0.4889801200282855,97.3076923076923,78.72579932455396,0.4889801200282855,153945.8894178118,266642.10208802996,,,101000.0,78382.0,1808.0,181190.0,Eritrea,WMO Member
ESH,,,,,0.0,0.0,0.0,0.0,0.0,0.0,,,,,,,,0.0,Western Sahara,disputed
ESP,78.656451323828,246.0,94.34173245030614,171.0,22.830713422007253,20.60461455417049,0.28225499389274644,22.830713422007253,20.60461455417049,0.28225499389274644,33361.69293201796,22051.973334923696,45882.58863535196,25737.500551082547,499563.984375,1007515.0,14883.0,1521961.984375,Spain,WMO Member
EST,73.84960870500502,17.0,73.84960870500502,17.0,225.5909090909091,59.34115813386611,0.18371875583240282,225.5909090909091,59.34115813386611,0.18371875583240282,62644.421248466475,31104.940596438773,62644.421248466475,31104.940596438777,43470.0,36257.0,12987.0,92714.0,Estonia,WMO Member
ETH,242.53562503633296,17.0,707.1067811865474,2.0,34.784021665538255,27.435726611968565,0.24066426852604006,34.784021665538255,27.435726611968565,0.24066426852604006,141472.31096245686,76457.18743411945,255786.24887700062,0.0,1000000.0,,,1000000.0,Ethiopia,WMO Member
FIN,48.26559246223273,178.0,56.91708607702962,128.0,63.67487684729064,23.272520763466574,0.18768161906021433,63.67487684729064,23.272520763466574,0.18768161906021433,31471.391447988037,28314.620128582083,37621.77342387149,42644.39396757474,303910.0,81072.0,29681.0,414663.0,Finland,WMO Member
FJI,285.74518806097154,16.0,305.4744553266981,14.0,30.172512938470387,47.110664903227445,0.21221020226679027,30.172512938470387,47.110664903227445,0.21221020226679027,23157.819259207736,41996.05058401833,12586.7921399709,31526.772434511226,18270.0,1288135.0,,1306405.0,Fiji,WMO Member
FRA,74.18257543457264,165.0,74.86630026078258,162.0,29.770637119113573,17.78808845069681,0.261589536039659,29.770637119113573,17.78808845069681,0.261589536039659,54453.77268108308,164654.6110523346,55879.72174709702,166200.49863697233,547556.9921875,344395.0,16052.0,908003.9921875,France,WMO Member
FSM,579.6724170694265,9.0,,,13.291042882517127,16.90770184211235,0.1690770184211235,13.291042882517127,16.90770184211235,0.1690770184211235,366114.2662599969,155898.7710455011,,,700.0,3023481.0,,3024181.0,"Micronesia, Federated States of",WMO Member
GAB,227.7044868537582,9.0,483.0341602826864,2.0,62.450420168067225,44.15011229645793,0.2742242999779995,62.450420168067225,44.15011229645793,0.2742242999779995,114874.41847150533,39755.26972723872,530973.391749997,0.0,257670.0,202654.0,6320.0,466644.0,Gabon,WMO Member
GBR,86.75700420010928,135.0,91.26232232093284,122.0,30.94695309074967,32.662681442583974,0.2551771987701873,30.94695309074967,32.662681442583974,0.2551771987701873,40434.183638064314,22805.018049494665,115474.79323326595,784254.8587996429,241930.0,729123.0,45062.0,1016115.0,United Kingdom of Great Britain and Northern Irela,WMO Member
GBR,86.75700420010928,135.0,91.26232232093284,122.0,30.94695309074967,32.662681442583974,0.2551771987701873,30.94695309074967,32.662681442583974,0.2551771987701873,40434.183638064314,22805.018049494665,115474.79323326595,784254.8587996429,241930.0,729123.0,45062.0,1016115.0,Falkland Islands (Malvinas),WMO Member
GBR,86.75700420010928,135.0,91.26232232093284,122.0,30.94695309074967,32.662681442583974,0.2551771987701873,30.94695309074967,32.662681442583974,0.2551771987701873,40434.183638064314,22805.018049494665,115474.79323326595,784254.8587996429,241930.0,729123.0,45062.0,1016115.0,United Kingdom of Great Britain and Northern Irela,WMO Member
GBR,86.75700420010928,135.0,91.26232232093284,122.0,30.94695309074967,32.662681442583974,0.2551771987701873,30.94695309074967,32.662681442583974,0.2551771987701873,40434.183638064314,22805.018049494665,115474.79323326595,784254.8587996429,241930.0,729123.0,45062.0,1016115.0,Falkland Islands (Malvinas),WMO Member
GEO,78.4843933530737,15.0,107.46918162896746,8.0,215.00613496932516,84.09923271919455,0.260369141545494,215.00613496932516,84.09923271919455,0.260369141545494,37066.10824244377,14362.995135420799,60304.88511558825,18508.167375323814,69490.0,22907.0,,92397.0,Georgia,WMO Member
GHA,147.36559655367006,21.0,194.94636014384403,12.0,66.32784184514003,56.98107665120796,0.25900489386912706,66.32784184514003,56.98107665120796,0.25900489386912706,79215.02191491563,39424.994935380775,86685.24193105834,27101.106727706047,227540.0,228509.0,,456049.0,Ghana,WMO Member
GIN,163.6852044439147,13.0,590.1753976573405,1.0,71.99781181619257,44.0537516766432,0.2736257868114485,71.99781181619257,44.0537516766432,0.2736257868114485,99973.85622196457,52313.1871858969,,,245720.0,102587.0,,348307.0,Guinea,WMO Member
GMB,68.97618636684899,7.0,182.49383551232629,1.0,140.7906976744186,115.15279195426436,0.35651019180886795,140.7906976744186,115.15279195426436,0.35651019180886795,42007.76403420531,20602.717325897043,,,10120.0,23184.0,,33304.0,Gambia,WMO Member
GNB,222.95889008215545,3.0,,,139.95081967213116,145.0963982820046,0.44921485536224337,139.95081967213116,145.0963982820046,0.44921485536224337,61501.5684928142,42271.656321768736,,,28120.0,107301.0,13711.0,149132.0,Guinea Bissau,WMO Member
GNQ,408.37482782365515,2.0,,,49.76728110599078,92.46578013673087,0.2862717651291977,49.76728110599078,92.46578013673087,0.2862717651291977,233273.64422712155,0.0,,,28050.0,305490.0,,333540.0,Equatorial Guinea,not WMO Member
GRC,108.45807413998207,52.0,142.79168976753047,30.0,54.367037411526795,37.36922279571153,0.27477369702729065,54.367037411526795,37.36922279571153,0.27477369702729065,46437.01995073737,37343.07043966589,73044.5220060853,35875.395155334336,128900.0,482784.0,,611684.0,Greece,WMO Member
GRD,114.03946685248927,2.0,114.03946685248927,2.0,313.77142857142854,53.81135605814377,0.1665986255670086,313.77142857142854,53.81135605814377,0.1665986255670086,0.0,0.0,0.0,0.0,340.0,25670.0,,26010.0,Grenada,not WMO Member
GTM,147.7433585647761,10.0,,,115.66554054054055,98.86528317842952,0.30608446804467343,115.66554054054055,98.86528317842952,0.30608446804467343,25265.045450343867,31243.94080875799,,,107160.0,111121.0,,218281.0,Guatemala,WMO Member
GUY,217.93675360394943,7.0,,,78.81481481481481,69.54472643141997,0.2585305815294423,78.81481481481481,69.54472643141997,0.2585305815294423,71871.43319219125,77189.92973619979,,,196850.0,135625.0,,332475.0,Guyana,WMO Member
HKG,18.708286933869708,3.0,18.708286933869708,3.0,323.0,0.0,0.0,323.0,0.0,0.0,11981.821486215376,6452.953933831025,11981.821486215376,6452.953933831025,1050.0,,,1050.0,"Hong Kong, China",WMO Member
HND,154.65329888865242,14.0,258.7844663035245,5.0,76.05263157894737,81.33522166041276,0.2720241527104106,76.05263157894737,81.33522166041276,0.2720241527104106,34036.226587402714,59815.63529743476,31829.43414251309,33404.40595034035,111890.0,209335.0,13622.0,334847.0,Honduras,WMO Member
HRV,60.295351493831646,34.0,60.295351493831646,34.0,147.71428571428572,52.33516396988837,0.20206627015400916,147.71428571428572,52.33516396988837,0.20206627015400916,37435.86593827293,24145.48582350984,37435.86593827293,24145.48582350984,55960.0,55301.0,12347.0,123608.0,Croatia,WMO Member
HTI,136.99739309302828,7.0,,,189.1731843575419,109.18877178663233,0.3380457330855489,189.1731843575419,109.18877178663233,0.3380457330855489,13951.734362427052,17923.3123289539,,,27560.0,103818.0,,131378.0,Haiti,WMO Member
HUN,51.60084358635553,34.0,53.18893211937987,32.0,197.11363636363637,45.731660958788574,0.1576953826165123,197.11363636363637,45.731660958788574,0.1576953826165123,45766.556489048045,18438.493627524425,49856.91265261329,14755.466961402848,90530.0,,,90530.0,Hungary,WMO Member
IDN,304.1497115876054,85.0,323.79209378859144,75.0,4.241174175931344,4.299570381726495,0.14826104764574122,4.241174175931344,4.299570381726495,0.14826104764574122,95397.43630509544,68842.16174943544,92352.90443941411,69092.80800893386,1811570.0,6051529.0,,7863099.0,Indonesia,WMO Member
IND,115.46108824735241,407.0,209.1808910041506,124.0,6.476486951914161,5.111643705200742,0.2129851543833642,6.476486951914161,5.111643705200742,0.2129851543833642,21208.200124124956,15018.030511901043,40688.69429348347,29993.403228675168,2973190.0,2332557.0,120077.0,5425824.0,India,WMO Member
IRL,177.64202064826893,16.0,177.64202064826893,16.0,65.04135338345864,82.85582970112354,0.2716584580364706,65.04135338345864,82.85582970112354,0.2716584580364706,67766.0302130589,49328.030904679756,67766.0302130589,49328.03090467975,68890.0,425346.0,10671.0,504907.0,Ireland,WMO Member
IRN,122.75700492462546,124.0,162.22879861045493,71.0,18.11336898395722,11.620498648001307,0.21128179360002378,18.11336898395722,11.620498648001307,0.21128179360002378,64711.5811227474,27362.006548047615,89670.02866399972,33507.139749281465,1628760.0,215584.0,24247.0,1868591.0,"Iran, Islamic Republic of",WMO Member
IRQ,99.4836678935634,44.0,160.04925855948593,17.0,68.52380952380952,36.74837255563202,0.2643767809757699,68.52380952380952,36.74837255563202,0.2643767809757699,53785.401281898325,28000.83445693024,78797.36534381662,50493.65086408394,434128.0078125,1189.0,151.0,435468.0078125,Iraq,WMO Member
ISL,72.96068739233414,168.0,135.09694176208944,49.0,47.08173445894091,57.622489875327105,0.24211130199717268,47.08173445894091,57.622489875327105,0.24211130199717268,19813.605978130036,15080.91275121833,30518.306294157268,28706.749608047292,100250.0,758338.0,35720.0,894308.0,Iceland,WMO Member
ISR,57.49720490100864,14.0,64.86559530710757,11.0,240.92857142857142,42.32605459949207,0.13104041671669373,240.92857142857142,42.32605459949207,0.13104041671669373,27149.298765879572,21644.358583645884,36489.83411041293,18632.35213297068,21640.0,24643.0,,46283.0,Israel,WMO Member
ITA,86.92679242546173,116.0,108.83455085339149,74.0,36.42466713384723,21.600057289836958,0.22978784350890377,36.42466713384723,21.600057289836958,0.22978784350890377,35831.65112606752,24933.31491480703,41289.65315924508,30039.886431120798,294140.0,536134.0,46253.0,876527.0,Italy,WMO Member
JAM,518.2730940344096,1.0,518.2730940344096,1.0,114.08839779005525,132.26493974322233,0.40948897753319596,114.08839779005525,132.26493974322233,0.40948897753319596,,,,,10830.0,257777.0,,268607.0,Jamaica,WMO Member
JOR,89.88730317863181,11.0,121.70798385206015,6.0,173.06666666666666,74.58569021726073,0.25455866968348373,173.06666666666666,74.58569021726073,0.25455866968348373,58337.23758360333,36691.53019833023,67098.32653894344,40161.32855314981,88780.0,97.0,,88877.0,Jordan,WMO Member
JPN,186.40886553894146,132.0,190.042908540714,127.0,8.78355754857997,15.549518717194248,0.19196936687894134,8.78355754857997,15.549518717194248,0.19196936687894134,45165.14928036143,25321.738771298405,46287.583479371395,27240.563654660673,364560.0,4071500.0,150711.0,4586771.0,Japan,WMO Member
KAZ,100.7883008510792,277.0,177.8095180779171,89.0,11.566258453664778,6.248461427301229,0.17852746935146366,11.566258453664778,6.248461427301229,0.17852746935146366,43178.60101120026,26351.648877882402,79953.03321251945,46937.04450746469,2699700.0,114144.0,,2813844.0,Kazakhstan,WMO Member
KEN,162.5509387616931,26.0,414.42520434934937,4.0,44.333333333333336,37.564451201026515,0.21713555607529783,44.333333333333336,37.564451201026515,0.21713555607529783,90168.31437210078,71354.16220658818,214499.84067104664,228985.3121311184,569140.0,114337.0,3516.0,686993.0,Kenya,WMO Member
KGZ,165.5294535724685,7.0,165.5294535724685,7.0,119.06666666666666,59.92825339984101,0.21713135289797467,119.06666666666666,59.92825339984101,0.21713135289797467,88437.82971180553,79994.69221753557,88437.82971180552,79994.69221753556,191800.0,,,191800.0,Kyrgyzstan,WMO Member
KHM,147.58911021666015,11.0,,,117.80707395498392,74.1064764612118,0.2555395740041786,117.80707395498392,74.1064764612118,0.2555395740041786,35715.388910025795,26736.5694068898,,,176520.0,48894.0,14194.0,239608.0,Cambodia,WMO Member
KIR,657.346369884249,8.0,1314.692739768498,2.0,11.605081346110987,26.297115184482145,0.1905588056846532,11.605081346110987,26.297115184482145,0.1905588056846532,0.0,0.0,0.0,0.0,810.0,3455259.0,765.0,3456834.0,Kiribati,WMO Member
KNA,98.9595877113481,1.0,,,323.0,0.0,0.0,323.0,0.0,0.0,,,,,260.0,9533.0,,9793.0,Saint Kitts and Nevis,not WMO Member
KOR,103.06667364067428,46.0,104.20556648665922,45.0,72.78813559322033,65.50589981126365,0.26413669278735336,72.78813559322033,65.50589981126365,0.26413669278735336,29470.881948115846,12760.255250034292,28670.1081532627,11677.212739589313,97489.00390625,347641.0,43516.0,488646.00390625,Republic of Korea,WMO Member
KWT,42.58300717422385,16.0,49.17062130988381,12.0,317.0,13.103141138380051,0.04056700042842121,317.0,13.103141138380051,0.04056700042842121,18422.005753837213,16191.675972533945,24893.901746330488,14110.324849571078,17820.0,11193.0,,29013.0,Kuwait,WMO Member
LAO,107.42439201596628,20.0,240.20824298928628,4.0,92.38658146964856,34.524252883957374,0.20308384049386694,92.38658146964856,34.524252883957374,0.20308384049386694,37082.07148223967,27808.33998571822,98802.90219088533,37188.48323068839,230800.0,,,230800.0,Lao People's Democratic Republic,WMO Member
LBN,87.20665112249179,4.0,123.32882874656677,2.0,320.6521739130435,15.749696189346347,0.04876066931686174,320.6521739130435,15.749696189346347,0.04876066931686174,20385.921876379995,23539.634966013342,40771.84375275999,0.0,10230.0,20190.0,,30420.0,Lebanon,WMO Member
LBR,590.9433136943002,1.0,,,104.35384615384615,151.05153789548692,0.46765182010986667,104.35384615384615,151.05153789548692,0.46765182010986667,,,,,96320.0,252894.0,,349214.0,Liberia,WMO Member
LBY,324.206944492469,21.0,,,17.911754567390556,22.321716271240852,0.18147736805886872,17.911754567390556,22.321716271240852,0.18147736805886872,176547.56797784244,98455.2913454109,,,1759540.0,364696.0,83077.0,2207313.0,Libya,WMO Member
LCA,89.66604708583957,2.0,126.80693987317886,1.0,323.0,0.0,0.0,323.0,0.0,0.0,15423.937287346655,0.0,,,610.0,15470.0,,16080.0,Saint Lucia,WMO Member
LIE,,,,,0.0,0.0,0.0,0.0,0.0,0.0,,,,,160.0,,,160.0,Liechtenstein,not WMO Member
LKA,168.82831516069808,21.0,206.77161313874785,14.0,61.687100893997446,86.43891633762702,0.28248011875041507,61.687100893997446,86.43891633762702,0.28248011875041507,11107.620108985726,9669.483247764492,13610.21684361154,15304.791679752603,62710.0,535853.0,,598563.0,Sri Lanka,WMO Member
LSO,100.59821071967434,3.0,,,323.0,0.0,0.0,323.0,0.0,0.0,108195.72505803348,28800.731307940117,,,30360.0,,,30360.0,Lesotho,WMO Member
LTU,59.10922176493487,20.0,64.11295269385899,17.0,233.1235294117647,58.85427696399827,0.18221138378946833,233.1235294117647,58.85427696399827,0.18221138378946833,53746.36741762047,11266.81322272933,59192.810737680986,16679.545789881406,62642.001953125,6800.0,436.0,69878.001953125,Lithuania,WMO Member
LUX,49.29503017546495,1.0,49.29503017546495,1.0,323.0,0.0,0.0,323.0,0.0,0.0,,,,,2430.0,,,2430.0,Luxembourg,WMO Member
LVA,62.94027534790077,23.0,64.35484017962793,22.0,201.1267605633803,61.27976243322299,0.1983163832790388,201.1267605633803,61.27976243322299,0.1983163832790388,54061.06215240443,16092.362486793469,55039.11013590572,16337.34733750884,62180.0,28212.0,722.0,91114.0,Latvia,WMO Member
MAC,,,,,0.0,0.0,0.0,0.0,0.0,0.0,,,,,30.399999618530302,,,30.399999618530302,"Macao, China",WMO Member
MAR,133.37184403196878,41.0,190.9594197728931,20.0,49.265967588179215,36.57772839489742,0.22168320239331765,49.265967588179215,36.57772839489742,0.22168320239331765,78377.52222704462,86977.22717209905,100511.80923564466,84809.02136580237,446300.0,280604.0,2406.0,729310.0,Morocco,WMO Member
MCO,,,,,0.0,0.0,0.0,0.0,0.0,0.0,,,,,2.0,287.0,,289.0,Monaco,WMO Member
MDA,45.33900087121462,16.0,45.33900087121462,16.0,280.04477611940297,47.15342783184655,0.1459858446806395,280.04477611940297,47.15342783184655,0.1459858446806395,43517.745872160536,17122.73101503946,43517.745872160536,17122.73101503946,32890.0,,,32890.0,Republic of Moldova,WMO Member
MDG,269.9949629159774,25.0,603.7270906626602,5.0,21.533387292594092,20.078871148344206,0.23347524591097912,21.533387292594092,20.078871148344206,0.23347524591097912,100322.24824941502,55354.392532239624,318507.1840272293,117322.18525890101,581800.0,1199540.0,41092.0,1822432.0,Madagascar,WMO Member
MDV,,,,,41.88723051409619,52.62978637667702,0.27269319366153894,41.88723051409619,52.62978637667702,0.27269319366153894,,,,,300.0,929335.0,,929635.0,Maldives,WMO Member
MEX,261.6606379906695,76.0,304.82541841894636,56.0,7.262122471598781,9.403224129779957,0.17413378018111034,7.262122471598781,9.403224129779957,0.17413378018111034,45202.97300769708,29959.954952235683,60664.26352287654,68804.53534569913,1943950.0,3195534.0,63954.0,5203438.0,Mexico,WMO Member
MHL,710.8203007793179,4.0,,,19.935654806964422,37.48885810413542,0.20374379404421422,19.935654806964422,37.48885810413542,0.20374379404421422,93584.02542481013,108662.57014696382,,,180.0,2009620.0,11262.0,2021062.0,Marshall Islands,not WMO Member
MKD,35.510561809129406,20.0,42.443239407808775,14.0,323.0,0.0,0.0,323.0,0.0,0.0,24371.029435412893,10662.421877797751,33452.761566782276,13080.360313758263,25220.0,,,25220.0,The former Yugoslav Republic of Macedonia,WMO Member
MLI,253.41769140253305,19.0,318.87693550961006,12.0,24.19075829383886,22.933612408383816,0.22483933733709624,24.19075829383886,22.933612408383816,0.22483933733709624,166632.8766504639,44148.347476527575,145214.4869237433,33899.73415033448,1220190.0,,,1220190.0,Mali,WMO Member
MLT,163.45335726133004,2.0,163.45335726133004,2.0,283.609756097561,105.69511561938032,0.32722946012192045,283.609756097561,105.69511561938032,0.32722946012192045,1853.6194271650834,0.0,1853.6194271650834,0.0,320.0,52923.0,191.0,53434.0,Malta,WMO Member
MMR,159.0325752794062,50.0,,,29.56782334384858,25.247306243423953,0.2657611183518311,29.56782334384858,25.247306243423953,0.2657611183518311,22467.255392210147,27924.134580860507,,,653080.0,499284.0,112204.0,1264568.0,Myanmar,WMO Member
MNE,53.21653878260028,7.0,53.21653878260028,7.0,320.0810810810811,12.210713900767589,0.03780406780423403,320.0810810810811,12.210713900767589,0.03780406780423403,26076.096702865303,29544.440181492228,26076.096702865307,29544.440181492228,13450.0,6374.0,,19824.0,Montenegro,WMO Member
MNG,162.26991533777544,59.0,194.65792384866631,41.0,22.04006791171477,9.771919716000804,0.19942693297960826,22.04006791171477,9.771919716000804,0.19942693297960826,63871.92338668306,48802.733459952324,75778.66052695268,65741.08978360104,1553560.0,,,1553560.0,Mongolia,WMO Member
MOZ,168.85317833352542,48.0,442.1614120270043,7.0,22.934048257372655,14.834798737590024,0.22822767288600038,22.934048257372655,14.834798737590024,0.22822767288600038,69857.62011305167,55221.53215580989,114315.59981858083,123675.09241332921,786380.0,567883.0,14284.0,1368547.0,Mozambique,WMO Member
MRT,305.36661446656086,13.0,778.5351629823792,2.0,25.32541567695962,24.90151232432709,0.2515304275184555,25.32541567695962,24.90151232432709,0.2515304275184555,210884.19789923442,48759.760571197876,303211.97468937666,0.0,1030700.0,173728.0,7806.0,1212234.0,Mauritania,WMO Member
MSR,,,,,0.0,0.0,0.0,0.0,0.0,0.0,,,,,,7213.0,,7213.0,Montserrat,WMO Member
MUS,566.6683333308823,4.0,1133.3366666617646,1.0,29.529816513761467,41.15359494662105,0.3846130368843088,29.529816513761467,41.15359494662105,0.3846130368843088,14504.660279317375,9270.963957464603,,,2030.0,1282422.0,,1284452.0,Mauritius,WMO Member
MWI,68.65857557508748,20.0,,,129.31210191082803,34.17449667472085,0.17706993095710283,129.31210191082803,34.17449667472085,0.17706993095710283,46377.26630490897,22524.984316802784,,,94280.0,,,94280.0,Malawi,WMO Member
MYS,202.84382920764202,21.0,248.431939515491,14.0,34.14760147601476,29.296933578880086,0.23251534586412764,34.14760147601476,29.296933578880086,0.23251534586412764,54691.316377065596,45522.97227757895,72320.36522489892,52286.26131499684,328550.0,513039.0,22469.0,864058.0,Malaysia,WMO Member
NAM,294.40607585442257,16.0,480.7631086789696,6.0,27.587293388429753,30.45935551750927,0.20039049682571888,27.587293388429753,30.45935551750927,0.20039049682571888,155727.51687630278,106008.25234953885,293767.106862595,104271.75459810947,823290.0,563509.0,,1386799.0,Namibia,WMO Member
NCL,392.7553309631837,8.0,392.7553309631837,8.0,32.367691380349605,50.40785856489287,0.22604420881117882,32.367691380349605,50.40785856489287,0.22604420881117882,77849.40586846563,29783.492829986626,77849.40586846563,29783.492829986626,18280.0,1179244.0,36530.0,1234054.0,New Caledonia,WMO Member
NER,290.5970864731211,15.0,300.7965615304993,14.0,21.975247524752476,25.192587531313453,0.27383247316645054,21.975247524752476,25.192587531313453,0.27383247316645054,159052.05605030197,113807.89713970931,144175.26767657968,101849.95356390627,1266700.0,,,1266700.0,Niger,WMO Member
NGA,165.12184894798142,40.0,602.9397427051341,3.0,31.938803894297635,22.042483552995424,0.21194695724034063,31.938803894297635,22.042483552995424,0.21194695724034063,95979.26694549988,57284.56371486743,463404.0605880343,19225.628511854986,910770.0,179839.0,,1090609.0,Nigeria,WMO Member
NIC,225.82705139742922,7.0,,,89.07456140350877,84.12643816596447,0.30480593538392925,89.07456140350877,84.12643816596447,0.30480593538392925,40343.51819118388,31569.409835528793,,,120340.0,214630.0,22015.0,356985.0,Nicaragua,WMO Member
NIU,564.879633196312,1.0,,,125.52954545454546,157.4432481873814,0.487440396864958,125.52954545454546,157.4432481873814,0.487440396864958,,,,,,319089.0,,319089.0,Niue,WMO Member
NLD,37.36489174526182,74.0,48.45663478354078,44.0,169.87677725118485,68.01751921688688,0.2576421182457837,169.87677725118485,68.01751921688688,0.2576421182457837,137086.90613112034,986840.831205866,226700.22583486538,1280529.0399678326,33690.0,64058.0,5566.0,103314.0,Netherlands,WMO Member
NOR,80.45084253659137,213.0,103.37738525176698,129.0,20.04069640914037,25.087569763576678,0.2007005581086134,20.04069640914037,25.087569763576678,0.2007005581086134,46980.00667982837,83209.98964496564,65197.60407524484,104252.47155503022,365123.0078125,926633.0,86852.0,1378608.0078125,Norway,WMO Member
NPL,97.75820511172792,15.0,378.615900352851,1.0,123.35616438356165,26.162839132978135,0.13555875198434267,123.35616438356165,26.162839132978135,0.13555875198434267,34130.75836108076,23935.24044906291,,,143350.0,,,143350.0,Nepal,WMO Member
NRU,394.1237115424546,2.0,,,121.82630272952854,156.5511026626481,0.4846783364168672,121.82630272952854,156.5511026626481,0.4846783364168672,0.0,0.0,,,20.0,310645.0,2.0,310667.0,Nauru,WMO Member
NZL,295.34975876069376,50.0,387.8132326884629,29.0,8.804026670152961,16.657835776034844,0.19597453854158645,8.804026670152961,16.657835776034844,0.19597453854158645,102884.32070858803,361793.58220937493,182408.508267811,465400.3760245198,263310.0,4098264.0,,4361574.0,New Zealand,WMO Member
OMN,148.09912221211846,40.0,241.84485384918435,15.0,38.35834738617201,46.05922851613543,0.2503218941094317,38.35834738617201,46.05922851613543,0.2503218941094317,35735.773729814784,23799.99328269972,83724.74599878343,52029.26766991415,309500.0,558188.0,9646.0,877334.0,Oman,WMO Member
PAK,151.6464938299237,44.0,165.37042776257906,37.0,28.38570548367221,20.705078513695625,0.23005642792995137,28.38570548367221,20.705078513695625,0.23005642792995137,57033.857114658174,42988.771266900105,61321.71362473836,43218.19158077198,770880.0,224899.0,16074.0,1011853.0,Pakistan,WMO Member
PAN,368.3508291470692,3.0,,,87.18029739776952,91.52328721431385,0.2833538303848726,87.18029739776952,91.52328721431385,0.2833538303848726,167779.49987797692,7992.269612163356,,,74340.0,332707.0,,407047.0,Panama,WMO Member
PER,218.8506339949693,45.0,356.0652616982388,17.0,16.88881069669247,17.20768595948565,0.23572172547240622,16.88881069669247,17.20768595948565,0.23572172547240622,40007.511129768835,45186.20030442456,86682.49351617933,43159.2055087019,1280000.0,857983.0,17319.0,2155302.0,Peru,WMO Member
PHL,227.47232598913894,44.0,251.48011849846102,36.0,17.06959706959707,22.823231983062026,0.20561470255010833,17.06959706959707,22.823231983062026,0.20561470255010833,58470.16937761936,62067.286475338944,63354.384561898085,68329.02718777946,298170.0,1978551.0,,2276721.0,Philippines,WMO Member
PLW,580.0538768080082,2.0,,,58.27238805970149,77.37042889522779,0.4805616701566943,58.27238805970149,77.37042889522779,0.4805616701566943,491666.454501151,0.0,,,460.0,617449.0,55016.0,672925.0,Palau,not WMO Member
PNG,270.932861396722,39.0,,,12.808658471405666,19.1370552561362,0.19330358844582018,12.808658471405666,19.1370552561362,0.19330358844582018,54962.63528603433,77827.06599005238,,,452860.0,2409920.0,,2862780.0,Papua New Guinea,WMO Member
POL,72.6370471935637,64.0,74.40176712161932,61.0,79.98209366391184,19.971148860322092,0.15602460047126634,79.98209366391184,19.971148860322092,0.15602460047126634,60298.70342668237,28932.77617487454,63281.34352720762,26201.546721054852,306190.0,29847.0,1636.0,337673.0,Poland,WMO Member
PRK,91.54858195047511,28.0,93.2285125675378,27.0,109.82323232323232,62.540928543534115,0.26167752528675364,109.82323232323232,62.540928543534115,0.26167752528675364,48724.320500746115,22833.975211440993,52012.63108761888,24364.08153980422,120410.0,114262.0,,234672.0,Democratic People's Republic of Korea,WMO Member
PRT,243.21579398146886,31.0,276.41843249132927,24.0,19.08830468486687,32.34873206978295,0.19028665923401733,19.08830468486687,32.34873206978295,0.19028665923401733,46850.98415344436,55143.37487454298,58007.3402080902,64352.92909954961,91605.595703125,1728043.0,14123.0,1833771.595703125,Portugal,WMO Member
PRY,134.3841170268678,22.0,162.74724780059006,15.0,68.47795414462081,44.047542745501346,0.27358722202174746,68.47795414462081,44.047542745501346,0.27358722202174746,75858.41632841552,35311.93402463884,86924.32774748301,60966.1625151181,397300.0,,,397300.0,Paraguay,WMO Member
PSE,,,,,0.0,0.0,0.0,0.0,0.0,0.0,,,,,6020.0,1121.0,,7141.0,"Palestine, State of",not WMO Member
PYF,1264.2087116717187,3.0,1264.2087116717187,3.0,8.190947881743371,16.646565995693383,0.15557538313732133,8.190947881743371,16.646565995693383,0.15557538313732133,458016.42510792793,784406.3971939167,458016.42510792793,784406.3971939167,3660.0,4781060.0,9951.0,4794671.0,French Polynesia,WMO Member
QAT,65.59954268133276,10.0,73.34251836417944,8.0,307.9032258064516,27.511117798035734,0.08517373931280416,307.9032258064516,27.511117798035734,0.08517373931280416,8321.801932064642,10945.874772939318,5183.933568417368,9598.779787052894,11610.0,31423.0,,43033.0,Qatar,WMO Member
ROU,40.59650168877965,158.0,40.59650168877965,158.0,106.52351738241309,42.276477758643765,0.2285215013980744,106.52351738241309,42.276477758643765,0.2285215013980744,29667.0899954289,11656.503933299202,29667.089995428913,11656.503933299202,230080.0,29545.0,771.0,260396.0,Romania,WMO Member
RUS,165.81671121100518,897.0,172.17213127699134,832.0,0.908779756181979,1.310536292635831,0.1456151436262034,0.908779756181979,1.310536292635831,0.1456151436262034,77320.08082223515,62934.5576821422,80102.84055038683,63559.116070132135,16376870.0,7686381.0,599927.0,24663178.0,Russian Federation,WMO Member
RWA,78.53343237118825,4.0,,,311.0882352941176,28.687328261240467,0.0888152577747383,311.0882352941176,28.687328261240467,0.0888152577747383,62173.65772347509,20001.360964655712,,,24670.0,,,24670.0,Rwanda,WMO Member
SAU,260.81709214611595,36.0,301.165636719631,27.0,15.487749101600784,12.894880585300145,0.23445237427818444,15.487749101600784,12.894880585300145,0.23445237427818444,106945.66888453554,80332.98368471785,161697.77625263768,78794.59469849626,2149690.0,224780.0,74450.0,2448920.0,Saudi Arabia,WMO Member
SDN,234.26722794128816,35.0,,,18.850115295926212,21.915826193116853,0.1841666066648475,18.850115295926212,21.915826193116853,0.1841666066648475,96918.85626042812,86660.63469437412,,,1857827.6930553413,63012.0,,1920839.6930553413,Sudan,WMO Member
SEN,164.78400781255817,13.0,171.51263315958198,12.0,72.51975051975052,51.630827355463644,0.26076175432052345,72.51975051975052,51.630827355463644,0.26076175432052345,114504.61568694709,62033.73958597703,116115.42770825875,67040.77434018372,192530.0,158936.0,1533.0,352999.0,Senegal,WMO Member
SGP,37.76241537903513,1.0,37.76241537903513,1.0,323.0,0.0,0.0,323.0,0.0,0.0,,,,,709.0000152587891,717.0,,1426.000015258789,Singapore,WMO Member
SHN,,,,,0.0,0.0,0.0,0.0,0.0,0.0,,,,,,450770.0,,450770.0,St Helena,not WMO Member
SLB,426.8526938209741,9.0,572.6829838575615,5.0,23.139005113900513,40.963100025239775,0.22262554361543352,23.139005113900513,40.963100025239775,0.22262554361543352,58268.38231283488,92348.78976712453,38741.78592290073,86629.26689335046,27990.0,1611839.0,,1639829.0,Solomon Islands,WMO Member
SLE,483.1718120917237,1.0,,,115.8125,154.90288035975962,0.47957548098996783,115.8125,154.90288035975962,0.47957548098996783,,,,,72180.0,161275.0,,233455.0,Sierra Leone,WMO Member
SLV,196.8002371272284,3.0,340.8680096459625,1.0,149.57142857142858,138.98887450303897,0.4303061130125046,149.57142857142858,138.98887450303897,0.4303061130125046,67521.64040643354,33757.19093317448,,,20720.0,95471.0,,116191.0,El Salvador,WMO Member
SMR,,,,,0.0,0.0,0.0,0.0,0.0,0.0,,,,,60.0,,,60.0,San Marino,not WMO Member
SOM,297.1272875385228,16.0,,,23.793659322944652,21.8147242740574,0.27268405342571755,23.793659322944652,21.8147242740574,0.27268405342571755,150410.3358285602,40675.82321955904,,,627340.0,785214.0,,1412554.0,Somalia,WMO Member
SRB,55.88892044557157,28.0,55.88892044557157,28.0,218.3741935483871,52.66658956689431,0.17614244002305787,218.3741935483871,52.66658956689431,0.17614244002305787,47007.08589040177,16872.94206540195,47007.08589040175,16872.94206540195,87460.0,,,87460.0,Serbia,WMO Member
SSD,355.507635451523,5.0,,,45.36969696969697,37.337482059919886,0.2894378454257356,45.36969696969697,37.337482059919886,0.2894378454257356,293756.0925819099,84838.59055137493,,,631928.394321665,,,631928.394321665,South Sudan,WMO Member
STP,210.07141642784245,3.0,,,202.85380116959064,117.67666437893402,0.36432403832487315,202.85380116959064,117.67666437893402,0.36432403832487315,53329.120227601765,92368.7457571554,,,960.0,131430.0,,132390.0,Sao Tome and Principe,WMO Member
SUR,269.19788260682884,4.0,,,102.29201101928375,104.89216615266474,0.3247435484602624,102.29201101928375,104.89216615266474,0.3247435484602624,91155.442268454,87165.2252411033,,,156000.0,133870.0,,289870.0,Suriname,WMO Member
SVK,41.43842247411039,28.0,41.43842247411039,28.0,240.93939393939394,49.188529947748684,0.15228647042646654,240.93939393939394,49.188529947748684,0.15228647042646654,30475.228522911144,14795.546149657715,30475.228522911148,14795.546149657715,48080.0,,,48080.0,Slovakia,WMO Member
SVN,31.902977534799785,20.0,38.13135147254515,14.0,316.8780487804878,11.427811863940553,0.03538022248898005,316.8780487804878,11.427811863940553,0.03538022248898005,28954.813452090566,13684.202203949535,31333.281224998816,14976.334613372479,20141.999511718797,214.0,,20355.999511718797,Slovenia,WMO Member
SWE,59.077824512353416,169.0,75.30974500227506,104.0,49.28327228327228,15.438138431491382,0.16964987287353162,49.28327228327228,15.438138431491382,0.16964987287353162,43546.59689808827,28845.350659027885,61986.02876965619,32985.30503112739,407310.0,154510.0,28022.0,589842.0,Sweden,WMO Member
SWZ,53.541261347363374,6.0,131.14877048604,1.0,323.0,0.0,0.0,323.0,0.0,0.0,40778.78499691799,11240.867171963038,,,17200.0,,,17200.0,Eswatini,WMO Member
SYC,519.1745371260035,5.0,1160.9095572007323,1.0,29.52787258248009,62.441864357851564,0.29042727608303054,29.52787258248009,62.441864357851564,0.29042727608303054,8968.4254667791,20054.008994858345,,,460.0,1347251.0,,1347711.0,Seychelles,WMO Member
SYR,122.12824281183977,13.0,196.92587437916833,5.0,117.52076677316293,43.207579614614765,0.1937559623973756,117.52076677316293,43.207579614614765,0.1937559623973756,80681.24394956777,39532.46606853226,163268.7455355244,209063.13399605878,183630.0,10269.0,,193899.0,Syrian Arab Republic,WMO Member
TCA,,,,,0.0,0.0,0.0,0.0,0.0,0.0,,,,,950.0,91250.0,,92200.0,Turks and Caicos Islands,WMO Member
TCD,311.22586406264253,13.0,793.4733769950948,2.0,26.18283362727807,28.38705498111477,0.22892786275092555,26.18283362727807,28.38705498111477,0.22892786275092555,188639.18246789588,102493.29688139,489560.7091927738,0.0,1259200.0,,,1259200.0,Chad,WMO Member
TGO,93.47793857376188,8.0,,,145.97938144329896,65.17667968587476,0.26932512266890396,145.97938144329896,65.17667968587476,0.26932512266890396,57713.801425150086,29152.405017426518,,,54390.0,15515.0,,69905.0,Togo,WMO Member
THA,83.51502858767395,125.0,85.59455923964192,119.0,39.305116279069765,23.093378127908704,0.22420755463989037,39.305116279069765,23.093378127908704,0.22420755463989037,14981.862773585985,11142.116970576826,15175.176454915789,10377.417578789145,510890.0,299918.0,61037.0,871845.0,Thailand,WMO Member
TJK,71.6963762708435,27.0,99.56691934860407,14.0,133.42060085836908,67.63378987374712,0.2571626991397229,133.42060085836908,67.63378987374712,0.2571626991397229,33587.13682255223,22400.931429740886,42577.94637362024,29046.205761257752,138790.0,,,138790.0,Tajikistan,WMO Member
TKM,159.0299462664935,21.0,162.95720297059594,20.0,48.33189189189189,21.21990674736086,0.23065116029740065,48.33189189189189,21.21990674736086,0.23065116029740065,106613.55351602027,35590.423156472534,111286.50465155703,41729.73553286089,469930.0,61171.0,,531101.0,Turkmenistan,WMO Member
TLS,211.15752413778677,2.0,,,160.82905982905982,123.22318647657535,0.38149593336401033,160.82905982905982,123.22318647657535,0.38149593336401033,92764.37336577088,0.0,,,14870.0,74305.0,,89175.0,Timor-Leste,WMO Member
TON,365.6985097043738,5.0,578.2201137975053,2.0,56.98047722342733,57.19119329636014,0.26600555021562855,56.98047722342733,57.19119329636014,0.26600555021562855,141161.99533451977,189556.83156488213,321492.7856399336,0.0,720.0,667957.0,,668677.0,Tonga,WMO Member
TTO,286.34943687739286,1.0,286.34943687739286,1.0,233.19444444444446,128.82218999769592,0.3988303095903899,233.19444444444446,128.82218999769592,0.3988303095903899,,,,,5130.0,76866.0,,81996.0,Trinidad and Tobago,WMO Member
TUN,99.74857281073137,27.0,101.64871636406207,26.0,118.3575,57.151550230505556,0.2258954554565437,118.3575,57.151550230505556,0.2258954554565437,56802.26057907922,29209.162473438697,53578.35136148178,24401.847348747793,155360.0,99686.0,13598.0,268644.0,Tunisia,WMO Member
TUR,89.77215081805716,128.0,94.30128715251288,116.0,32.21903669724771,13.900579322246472,0.19041889482529412,32.21903669724771,13.900579322246472,0.19041889482529412,46200.349525520796,29581.33129517756,50757.28591695279,30770.24309028008,769630.0,261927.0,,1031557.0,Turkey,WMO Member
TUV,328.7080771748696,7.0,869.6798261429318,1.0,52.67168674698795,57.32010134007801,0.35602547416197516,52.67168674698795,57.32010134007801,0.35602547416197516,35758.52976223738,94608.17700018172,,,30.0,756313.0,,756343.0,Tuvalu,WMO Member
TZA,260.7586217625975,17.0,298.18889212144603,13.0,26.316472114137483,17.879796828703995,0.2518281243479436,26.316472114137483,17.879796828703995,0.2518281243479436,155343.9219994242,84311.8339175957,188080.96104564096,95143.89825236239,885800.0,242601.0,27515.0,1155916.0,United Republic of Tanzania,WMO Member
UGA,135.01515066499357,11.0,,,108.12852664576802,43.978041343376816,0.21452703094330153,108.12852664576802,43.978041343376816,0.21452703094330153,94717.25908987036,38784.199075573226,,,200520.0,,,200520.0,Uganda,WMO Member
UKR,60.60517781212882,161.0,60.98515130132321,159.0,50.103653355989806,17.481471057189047,0.20327291926964008,50.103653355989806,17.481471057189047,0.20327291926964008,48506.6828048454,17928.47429550336,49525.29392962419,17557.16179632534,579290.0,,12061.0,591351.0,Ukraine,WMO Member
URY,126.17787897590111,21.0,236.0571964588244,6.0,78.50909090909092,61.78692138898902,0.27957882981442994,78.50909090909092,61.78692138898902,0.27957882981442994,43311.360782404496,31011.345809384205,117436.81743309631,100148.21554850004,175020.0,143077.0,16241.0,334338.0,Uruguay,WMO Member
USA,267.4923348313899,248.0,276.5624344924918,232.0,1.5950487840396097,1.868437953010973,0.13345985378649805,1.5950487840396097,1.868437953010973,0.13345985378649805,125850.44402639198,452286.43450778077,112298.35373747458,402520.5995465314,9147420.0,8597513.0,,17744933.0,United States of America,WMO Member
UZB,145.84238067173752,20.0,158.18827204241376,17.0,51.891304347826086,23.052086048527197,0.20400076149139112,51.891304347826086,23.052086048527197,0.20400076149139112,83640.95031728692,40201.461971503646,87314.6290545404,45086.712170415434,425400.0,,,425400.0,Uzbekistan,WMO Member
VAT,,,,,0.0,0.0,0.0,0.0,0.0,0.0,,,,,,,,0.0,Holy See,not WMO Member
VCT,,,,,0.0,0.0,0.0,0.0,0.0,0.0,,,,,390.0,36381.0,,36771.0,Saint Vincent and the Grenadines,not WMO Member
VEN,207.18402146401155,32.0,,,25.361187465640462,28.567539060613885,0.2441670005180674,25.361187465640462,28.567539060613885,0.2441670005180674,67373.19826057144,45992.017850891236,,,882050.0,474350.0,17207.0,1373607.0,"Venezuela, Bolivarian Republic of",WMO Member
VGB,,,,,0.0,0.0,0.0,0.0,0.0,0.0,,,,,150.0,81788.0,,81938.0,British Virgin Islands,WMO Member
VNM,179.91155234355202,36.0,225.08491151408694,23.0,25.874301675977655,21.587152421104744,0.2225479631041726,25.874301675977655,21.587152421104744,0.2225479631041726,39627.39175533157,39142.430085952474,64606.63518933537,76035.6748481417,310070.0,753883.0,101301.0,1165254.0,Viet Nam,WMO Member
VUT,301.83249848692094,7.0,301.83249848692094,7.0,59.572759022118746,67.4827119891969,0.3138730790195205,59.572759022118746,67.4827119891969,0.3138730790195205,116990.10278179149,29094.314920472618,116990.10278179147,29094.314920472618,12190.0,625530.0,,637720.0,Vanuatu,WMO Member
WSM,110.29011329629276,11.0,182.89546194479513,4.0,219.29142857142858,130.80891488061852,0.40498116062110995,219.29142857142858,130.80891488061852,0.40498116062110995,11661.478795591103,18196.64207555181,0.0,0.0,2830.0,130973.0,,133803.0,Samoa,WMO Member
XX1,,,,,0.0,0.0,0.0,0.0,0.0,0.0,,,,,,,,0.0,Kashmir disputed triangle,disputed
XX3,,,,,0.0,0.0,0.0,0.0,0.0,0.0,,,,,,,,0.0,Abey,disputed
YEM,459.86171834585224,5.0,,,36.97560975609756,46.444557981442905,0.24064537814219125,36.97560975609756,46.444557981442905,0.24064537814219125,132402.56213607083,192996.4386998276,,,527970.0,529394.0,,1057364.0,Yemen,WMO Member
ZAF,131.5770686707984,160.0,143.2429689309327,135.0,12.200091261692904,13.441531560676701,0.23581634316976674,12.200091261692904,13.441531560676701,0.23581634316976674,53259.0687674811,32818.54503480516,58812.598648555235,33476.55553707382,1213090.0,1546750.0,10164.0,2770004.0,South Africa,WMO Member
ZMB,118.43237063866594,53.0,,,38.97922848664688,15.737729391743095,0.1768284201319449,38.97922848664688,15.737729391743095,0.1768284201319449,34493.13285836675,55972.76675068091,,,743390.0,,,743390.0,Zambia,WMO Member
ZWE,97.13581138621603,41.0,,,80.6124763705104,35.43463744051231,0.22569832764657524,80.6124763705104,35.43463744051231,0.22569832764657524,61541.311916652725,31148.451950379767,,,386850.0,,,386850.0,Zimbabwe,WMO Member
